,amp_sig,fpr_ind,fpr_comb1,fpr_comb2
0,0.0,[0.  0.  0.  0.  0.  0.1],0.0,0.0
1,0.2,[0.2  0.25 0.25 0.3  0.05 0.15],0.5,0.5
2,0.4,[0.43333333 0.5        0.43333333 0.53333333 0.23333333 0.26666667],0.6666666666666666,0.6666666666666666
3,0.6000000000000001,[0.575 0.625 0.575 0.65  0.4   0.425],0.75,0.75
4,0.8,[0.66 0.7  0.66 0.72 0.52 0.52],0.8,0.8
