,amp_sig,fpr_ind,fpr_comb1,fpr_comb2,allmean_sw,allstd_sw,allmean_combined_method2_sw,allstd_combined_method2_sw
0,0.0,[0.04 0.06 0.   0.02 0.   0.02],0.0,0.0,"[-1.12103005e-04  1.71392907e-03 -5.32212857e-04  5.30166887e-04
  1.27647071e-04 -6.11831437e-05]",[0.01123661 0.01078014 0.01077989 0.0108682  0.01066464 0.01059982],0.00027770733757082056,0.004458339352489594
1,0.25,[0.35 0.3  0.24 0.46 0.12 0.04],0.5,0.5,[0.01447148 0.01361849 0.01243763 0.02621174 0.00705263 0.00412074],[0.01303507 0.01220098 0.01248738 0.01439346 0.01171793 0.01123179],0.012985449650266483,0.0051745624788933605
2,0.5,[0.55333333 0.52666667 0.49333333 0.64       0.32       0.22666667],0.6666666666666666,0.6666666666666666,[0.0374142  0.0367134  0.0336432  0.06340159 0.01623636 0.01242508],[0.01648777 0.01558515 0.01504753 0.01964721 0.01288591 0.01246963],0.033305637923744316,0.0064289368034151344
3,0.75,[0.665 0.645 0.62  0.73  0.49  0.38 ],0.75,0.75,[0.06531812 0.06610954 0.06108825 0.1101812  0.03198373 0.02149992],[0.02037197 0.01927132 0.01907662 0.02516794 0.01559896 0.01391188],0.05936345896043676,0.007960240994775694
